"","contrast","estimate","SE","df","t.ratio","p.value"
"1","KC - KO",1.19287881886719,0.199737145969454,230,5.97224323536501,0.00000000881144180133923
