"","contrast","estimate","SE","df","t.ratio","p.value"
"1","KC - KO",-0.469338396899225,0.132727549111532,256,-3.53610384611892,0.000481876138771085
