"","contrast","estimate","SE","df","t.ratio","p.value"
"1","KC - KO",1.3957161416,0.812069366479223,18,1.71871541916575,0.102817279895391
